<?xml version="1.0" encoding="UTF-8"?>
<beans>
    <bean id="userBasicDAO" class="com.xiaban.qqzone.dao.impl.UseBasicDAOImpl"/>
    <bean id="topicDAO" class="com.xiaban.qqzone.dao.impl.TopicDAOImpl"/>

    <bean id="userBasicService" class="com.xiaban.qqzone.service.impl.UserBasicServiceImpl">
        <property name="userBasicDAO" ref="userBasicDAO"/>
    </bean>
    <bean id="topicService" class="com.xiaban.qqzone.service.impl.TopicServiceImpl">
        <property name="topicDAO" ref="topicDAO"/>
    </bean>

    <bean id="user" class="com.xiaban.qqzone.controller.UserController">
        <property name="userBasicService" ref="userBasicService"/>
        <property name="topicService" ref="topicService"/>
    </bean>
</beans>